{
  "alpha": 0.1,
  "gamma": 0.95,
  "epsilon": 0.995,
  "min_epsilon": 0.05,
  "epsilon_decay": 0.995,
  "num_actions": 4,
  "learning_enabled": true,
  "q_table": {
    "685": [
      0.0,
      0.0,
      0.0,
      -0.010000000149011612
    ],
    "2669": [
      0.0,
      -5.0,
      0.0,
      0.0
    ]
  },
  "metadata": {
    "episodes": 1,
    "max_length": 3,
    "avg_reward": -50.100000001490116
  }
}
